time,Nusselt_number,dt,max_fluid_vel_y,middle_porosity,middle_press,middle_temp,min_fluid_vel_y,new_timestep,num_li,num_nli,one_minus_Nusselt
0,1,0,0,0.3,0.49,0.8,0,0,0,0,0
1,3.295238473452,1,14.885686677817,0.3,0.49016826155461,0.67108886390355,-14.89150572146,0.2,209,6,-2.295238473452
2,3.2952384730933,1,14.88567333138,0.3,0.49016826155462,0.67108886379016,-14.89145949765,0.33576292510408,30,1,-2.2952384730933
3,3.2952384730933,1,14.88567333138,0.3,0.49016826155462,0.67108886379016,-14.89145949765,0.33576292510408,0,0,-2.2952384730933
4,3.2952384730933,1,14.88567333138,0.3,0.49016826155462,0.67108886379016,-14.89145949765,0.33576292510408,0,0,-2.2952384730933
5,3.2952384730933,1,14.88567333138,0.3,0.49016826155462,0.67108886379016,-14.89145949765,0.33576292510408,0,0,-2.2952384730933
6,3.2952384730933,1,14.88567333138,0.3,0.49016826155462,0.67108886379016,-14.89145949765,0.33576292510408,0,0,-2.2952384730933
7,3.2952384730933,1,14.88567333138,0.3,0.49016826155462,0.67108886379016,-14.89145949765,0.33576292510408,0,0,-2.2952384730933
8,3.2952384730933,1,14.88567333138,0.3,0.49016826155462,0.67108886379016,-14.89145949765,0.33576292510408,0,0,-2.2952384730933
9,3.2952384730933,1,14.88567333138,0.3,0.49016826155462,0.67108886379016,-14.89145949765,0.33576292510408,0,0,-2.2952384730933
10,3.2952384730933,1,14.88567333138,0.3,0.49016826155462,0.67108886379016,-14.89145949765,0.33576292510408,0,0,-2.2952384730933
11,3.2952384730933,1,14.88567333138,0.3,0.49016826155462,0.67108886379016,-14.89145949765,0.33576292510408,0,0,-2.2952384730933
12,3.2952384730933,1,14.88567333138,0.3,0.49016826155462,0.67108886379016,-14.89145949765,0.33576292510408,0,0,-2.2952384730933
13,3.2952384730933,1,14.88567333138,0.3,0.49016826155462,0.67108886379016,-14.89145949765,0.33576292510408,0,0,-2.2952384730933
14,3.2952384730933,1,14.88567333138,0.3,0.49016826155462,0.67108886379016,-14.89145949765,0.33576292510408,0,0,-2.2952384730933
15,3.2952384730933,1,14.88567333138,0.3,0.49016826155462,0.67108886379016,-14.89145949765,0.33576292510408,0,0,-2.2952384730933
16,3.2952384730933,1,14.88567333138,0.3,0.49016826155462,0.67108886379016,-14.89145949765,0.33576292510408,0,0,-2.2952384730933
17,3.2952384730933,1,14.88567333138,0.3,0.49016826155462,0.67108886379016,-14.89145949765,0.33576292510408,0,0,-2.2952384730933
18,3.2952384730933,1,14.88567333138,0.3,0.49016826155462,0.67108886379016,-14.89145949765,0.33576292510408,0,0,-2.2952384730933
19,3.2952384730933,1,14.88567333138,0.3,0.49016826155462,0.67108886379016,-14.89145949765,0.33576292510408,0,0,-2.2952384730933
20,3.2952384730933,1,14.88567333138,0.3,0.49016826155462,0.67108886379016,-14.89145949765,0.33576292510408,0,0,-2.2952384730933
21,3.2952384730933,1,14.88567333138,0.3,0.49016826155462,0.67108886379016,-14.89145949765,0.33576292510408,0,0,-2.2952384730933
22,3.2952384730933,1,14.88567333138,0.3,0.49016826155462,0.67108886379016,-14.89145949765,0.33576292510408,0,0,-2.2952384730933
23,3.2952384730933,1,14.88567333138,0.3,0.49016826155462,0.67108886379016,-14.89145949765,0.33576292510408,0,0,-2.2952384730933
24,3.2952384730933,1,14.88567333138,0.3,0.49016826155462,0.67108886379016,-14.89145949765,0.33576292510408,0,0,-2.2952384730933
25,3.2952384730933,1,14.88567333138,0.3,0.49016826155462,0.67108886379016,-14.89145949765,0.33576292510408,0,0,-2.2952384730933
26,3.2952384730933,1,14.88567333138,0.3,0.49016826155462,0.67108886379016,-14.89145949765,0.33576292510408,0,0,-2.2952384730933
27,3.2952384730933,1,14.88567333138,0.3,0.49016826155462,0.67108886379016,-14.89145949765,0.33576292510408,0,0,-2.2952384730933
28,3.2952384730933,1,14.88567333138,0.3,0.49016826155462,0.67108886379016,-14.89145949765,0.33576292510408,0,0,-2.2952384730933
29,3.2952384730933,1,14.88567333138,0.3,0.49016826155462,0.67108886379016,-14.89145949765,0.33576292510408,0,0,-2.2952384730933
30,3.2952384730933,1,14.88567333138,0.3,0.49016826155462,0.67108886379016,-14.89145949765,0.33576292510408,0,0,-2.2952384730933
31,3.2952384730933,1,14.88567333138,0.3,0.49016826155462,0.67108886379016,-14.89145949765,0.33576292510408,0,0,-2.2952384730933
32,3.2952384730933,1,14.88567333138,0.3,0.49016826155462,0.67108886379016,-14.89145949765,0.33576292510408,0,0,-2.2952384730933
33,3.2952384730933,1,14.88567333138,0.3,0.49016826155462,0.67108886379016,-14.89145949765,0.33576292510408,0,0,-2.2952384730933
34,3.2952384730933,1,14.88567333138,0.3,0.49016826155462,0.67108886379016,-14.89145949765,0.33576292510408,0,0,-2.2952384730933
35,3.2952384730933,1,14.88567333138,0.3,0.49016826155462,0.67108886379016,-14.89145949765,0.33576292510408,0,0,-2.2952384730933
36,3.2952384730933,1,14.88567333138,0.3,0.49016826155462,0.67108886379016,-14.89145949765,0.33576292510408,0,0,-2.2952384730933
37,3.2952384730933,1,14.88567333138,0.3,0.49016826155462,0.67108886379016,-14.89145949765,0.33576292510408,0,0,-2.2952384730933
38,3.2952384730933,1,14.88567333138,0.3,0.49016826155462,0.67108886379016,-14.89145949765,0.33576292510408,0,0,-2.2952384730933
39,3.2952384730933,1,14.88567333138,0.3,0.49016826155462,0.67108886379016,-14.89145949765,0.33576292510408,0,0,-2.2952384730933
40,3.2952384730933,1,14.88567333138,0.3,0.49016826155462,0.67108886379016,-14.89145949765,0.33576292510408,0,0,-2.2952384730933
41,3.2952384730933,1,14.88567333138,0.3,0.49016826155462,0.67108886379016,-14.89145949765,0.33576292510408,0,0,-2.2952384730933
42,3.2952384730933,1,14.88567333138,0.3,0.49016826155462,0.67108886379016,-14.89145949765,0.33576292510408,0,0,-2.2952384730933
43,3.2952384730933,1,14.88567333138,0.3,0.49016826155462,0.67108886379016,-14.89145949765,0.33576292510408,0,0,-2.2952384730933
44,3.2952384730933,1,14.88567333138,0.3,0.49016826155462,0.67108886379016,-14.89145949765,0.33576292510408,0,0,-2.2952384730933
45,3.2952384730933,1,14.88567333138,0.3,0.49016826155462,0.67108886379016,-14.89145949765,0.33576292510408,0,0,-2.2952384730933
46,3.2952384730933,1,14.88567333138,0.3,0.49016826155462,0.67108886379016,-14.89145949765,0.33576292510408,0,0,-2.2952384730933
47,3.2952384730933,1,14.88567333138,0.3,0.49016826155462,0.67108886379016,-14.89145949765,0.33576292510408,0,0,-2.2952384730933
48,3.2952384730933,1,14.88567333138,0.3,0.49016826155462,0.67108886379016,-14.89145949765,0.33576292510408,0,0,-2.2952384730933
49,3.2952384730933,1,14.88567333138,0.3,0.49016826155462,0.67108886379016,-14.89145949765,0.33576292510408,0,0,-2.2952384730933
50,3.2952384730933,1,14.88567333138,0.3,0.49016826155462,0.67108886379016,-14.89145949765,0.33576292510408,0,0,-2.2952384730933
51,3.2952384730933,1,14.88567333138,0.3,0.49016826155462,0.67108886379016,-14.89145949765,0.33576292510408,0,0,-2.2952384730933
52,3.2952384730933,1,14.88567333138,0.3,0.49016826155462,0.67108886379016,-14.89145949765,0.33576292510408,0,0,-2.2952384730933
53,3.2952384730933,1,14.88567333138,0.3,0.49016826155462,0.67108886379016,-14.89145949765,0.33576292510408,0,0,-2.2952384730933
54,3.2952384730933,1,14.88567333138,0.3,0.49016826155462,0.67108886379016,-14.89145949765,0.33576292510408,0,0,-2.2952384730933
55,3.2952384730933,1,14.88567333138,0.3,0.49016826155462,0.67108886379016,-14.89145949765,0.33576292510408,0,0,-2.2952384730933
56,3.2952384730933,1,14.88567333138,0.3,0.49016826155462,0.67108886379016,-14.89145949765,0.33576292510408,0,0,-2.2952384730933
57,3.2952384730933,1,14.88567333138,0.3,0.49016826155462,0.67108886379016,-14.89145949765,0.33576292510408,0,0,-2.2952384730933
58,3.2952384730933,1,14.88567333138,0.3,0.49016826155462,0.67108886379016,-14.89145949765,0.33576292510408,0,0,-2.2952384730933
59,3.2952384730933,1,14.88567333138,0.3,0.49016826155462,0.67108886379016,-14.89145949765,0.33576292510408,0,0,-2.2952384730933
60,3.2952384730933,1,14.88567333138,0.3,0.49016826155462,0.67108886379016,-14.89145949765,0.33576292510408,0,0,-2.2952384730933
61,3.2952384730933,1,14.88567333138,0.3,0.49016826155462,0.67108886379016,-14.89145949765,0.33576292510408,0,0,-2.2952384730933
62,3.2952384730933,1,14.88567333138,0.3,0.49016826155462,0.67108886379016,-14.89145949765,0.33576292510408,0,0,-2.2952384730933
63,3.2952384730933,1,14.88567333138,0.3,0.49016826155462,0.67108886379016,-14.89145949765,0.33576292510408,0,0,-2.2952384730933
64,3.2952384730933,1,14.88567333138,0.3,0.49016826155462,0.67108886379016,-14.89145949765,0.33576292510408,0,0,-2.2952384730933
65,3.2952384730933,1,14.88567333138,0.3,0.49016826155462,0.67108886379016,-14.89145949765,0.33576292510408,0,0,-2.2952384730933
66,3.2952384730933,1,14.88567333138,0.3,0.49016826155462,0.67108886379016,-14.89145949765,0.33576292510408,0,0,-2.2952384730933
67,3.2952384730933,1,14.88567333138,0.3,0.49016826155462,0.67108886379016,-14.89145949765,0.33576292510408,0,0,-2.2952384730933
68,3.2952384730933,1,14.88567333138,0.3,0.49016826155462,0.67108886379016,-14.89145949765,0.33576292510408,0,0,-2.2952384730933
69,3.2952384730933,1,14.88567333138,0.3,0.49016826155462,0.67108886379016,-14.89145949765,0.33576292510408,0,0,-2.2952384730933
70,3.2952384730933,1,14.88567333138,0.3,0.49016826155462,0.67108886379016,-14.89145949765,0.33576292510408,0,0,-2.2952384730933
71,3.2952384730933,1,14.88567333138,0.3,0.49016826155462,0.67108886379016,-14.89145949765,0.33576292510408,0,0,-2.2952384730933
72,3.2952384730933,1,14.88567333138,0.3,0.49016826155462,0.67108886379016,-14.89145949765,0.33576292510408,0,0,-2.2952384730933
73,3.2952384730933,1,14.88567333138,0.3,0.49016826155462,0.67108886379016,-14.89145949765,0.33576292510408,0,0,-2.2952384730933
74,3.2952384730933,1,14.88567333138,0.3,0.49016826155462,0.67108886379016,-14.89145949765,0.33576292510408,0,0,-2.2952384730933
75,3.2952384730933,1,14.88567333138,0.3,0.49016826155462,0.67108886379016,-14.89145949765,0.33576292510408,0,0,-2.2952384730933
76,3.2952384730933,1,14.88567333138,0.3,0.49016826155462,0.67108886379016,-14.89145949765,0.33576292510408,0,0,-2.2952384730933
77,3.2952384730933,1,14.88567333138,0.3,0.49016826155462,0.67108886379016,-14.89145949765,0.33576292510408,0,0,-2.2952384730933
78,3.2952384730933,1,14.88567333138,0.3,0.49016826155462,0.67108886379016,-14.89145949765,0.33576292510408,0,0,-2.2952384730933
79,3.2952384730933,1,14.88567333138,0.3,0.49016826155462,0.67108886379016,-14.89145949765,0.33576292510408,0,0,-2.2952384730933
80,3.2952384730933,1,14.88567333138,0.3,0.49016826155462,0.67108886379016,-14.89145949765,0.33576292510408,0,0,-2.2952384730933
81,3.2952384730933,1,14.88567333138,0.3,0.49016826155462,0.67108886379016,-14.89145949765,0.33576292510408,0,0,-2.2952384730933
82,3.2952384730933,1,14.88567333138,0.3,0.49016826155462,0.67108886379016,-14.89145949765,0.33576292510408,0,0,-2.2952384730933
83,3.2952384730933,1,14.88567333138,0.3,0.49016826155462,0.67108886379016,-14.89145949765,0.33576292510408,0,0,-2.2952384730933
84,3.2952384730933,1,14.88567333138,0.3,0.49016826155462,0.67108886379016,-14.89145949765,0.33576292510408,0,0,-2.2952384730933
85,3.2952384730933,1,14.88567333138,0.3,0.49016826155462,0.67108886379016,-14.89145949765,0.33576292510408,0,0,-2.2952384730933
86,3.2952384730933,1,14.88567333138,0.3,0.49016826155462,0.67108886379016,-14.89145949765,0.33576292510408,0,0,-2.2952384730933
87,3.2952384730933,1,14.88567333138,0.3,0.49016826155462,0.67108886379016,-14.89145949765,0.33576292510408,0,0,-2.2952384730933
88,3.2952384730933,1,14.88567333138,0.3,0.49016826155462,0.67108886379016,-14.89145949765,0.33576292510408,0,0,-2.2952384730933
89,3.2952384730933,1,14.88567333138,0.3,0.49016826155462,0.67108886379016,-14.89145949765,0.33576292510408,0,0,-2.2952384730933
90,3.2952384730933,1,14.88567333138,0.3,0.49016826155462,0.67108886379016,-14.89145949765,0.33576292510408,0,0,-2.2952384730933
91,3.2952384730933,1,14.88567333138,0.3,0.49016826155462,0.67108886379016,-14.89145949765,0.33576292510408,0,0,-2.2952384730933
92,3.2952384730933,1,14.88567333138,0.3,0.49016826155462,0.67108886379016,-14.89145949765,0.33576292510408,0,0,-2.2952384730933
93,3.2952384730933,1,14.88567333138,0.3,0.49016826155462,0.67108886379016,-14.89145949765,0.33576292510408,0,0,-2.2952384730933
94,3.2952384730933,1,14.88567333138,0.3,0.49016826155462,0.67108886379016,-14.89145949765,0.33576292510408,0,0,-2.2952384730933
95,3.2952384730933,1,14.88567333138,0.3,0.49016826155462,0.67108886379016,-14.89145949765,0.33576292510408,0,0,-2.2952384730933
96,3.2952384730933,1,14.88567333138,0.3,0.49016826155462,0.67108886379016,-14.89145949765,0.33576292510408,0,0,-2.2952384730933
97,3.2952384730933,1,14.88567333138,0.3,0.49016826155462,0.67108886379016,-14.89145949765,0.33576292510408,0,0,-2.2952384730933
98,3.2952384730933,1,14.88567333138,0.3,0.49016826155462,0.67108886379016,-14.89145949765,0.33576292510408,0,0,-2.2952384730933
99,3.2952384730933,1,14.88567333138,0.3,0.49016826155462,0.67108886379016,-14.89145949765,0.33576292510408,0,0,-2.2952384730933
100,3.2952384730933,1,14.88567333138,0.3,0.49016826155462,0.67108886379016,-14.89145949765,0.33576292510408,0,0,-2.2952384730933
101,3.2952384730933,1,14.88567333138,0.3,0.49016826155462,0.67108886379016,-14.89145949765,0.33576292510408,0,0,-2.2952384730933
102,3.2952384730933,1,14.88567333138,0.3,0.49016826155462,0.67108886379016,-14.89145949765,0.33576292510408,0,0,-2.2952384730933
103,3.2952384730933,1,14.88567333138,0.3,0.49016826155462,0.67108886379016,-14.89145949765,0.33576292510408,0,0,-2.2952384730933
104,3.2952384730933,1,14.88567333138,0.3,0.49016826155462,0.67108886379016,-14.89145949765,0.33576292510408,0,0,-2.2952384730933
105,3.2952384730933,1,14.88567333138,0.3,0.49016826155462,0.67108886379016,-14.89145949765,0.33576292510408,0,0,-2.2952384730933
106,3.2952384730933,1,14.88567333138,0.3,0.49016826155462,0.67108886379016,-14.89145949765,0.33576292510408,0,0,-2.2952384730933
107,3.2952384730933,1,14.88567333138,0.3,0.49016826155462,0.67108886379016,-14.89145949765,0.33576292510408,0,0,-2.2952384730933
108,3.2952384730933,1,14.88567333138,0.3,0.49016826155462,0.67108886379016,-14.89145949765,0.33576292510408,0,0,-2.2952384730933
109,3.2952384730933,1,14.88567333138,0.3,0.49016826155462,0.67108886379016,-14.89145949765,0.33576292510408,0,0,-2.2952384730933
110,3.2952384730933,1,14.88567333138,0.3,0.49016826155462,0.67108886379016,-14.89145949765,0.33576292510408,0,0,-2.2952384730933
111,3.2952384730933,1,14.88567333138,0.3,0.49016826155462,0.67108886379016,-14.89145949765,0.33576292510408,0,0,-2.2952384730933
112,3.2952384730933,1,14.88567333138,0.3,0.49016826155462,0.67108886379016,-14.89145949765,0.33576292510408,0,0,-2.2952384730933
113,3.2952384730933,1,14.88567333138,0.3,0.49016826155462,0.67108886379016,-14.89145949765,0.33576292510408,0,0,-2.2952384730933
114,3.2952384730933,1,14.88567333138,0.3,0.49016826155462,0.67108886379016,-14.89145949765,0.33576292510408,0,0,-2.2952384730933
115,3.2952384730933,1,14.88567333138,0.3,0.49016826155462,0.67108886379016,-14.89145949765,0.33576292510408,0,0,-2.2952384730933
116,3.2952384730933,1,14.88567333138,0.3,0.49016826155462,0.67108886379016,-14.89145949765,0.33576292510408,0,0,-2.2952384730933
117,3.2952384730933,1,14.88567333138,0.3,0.49016826155462,0.67108886379016,-14.89145949765,0.33576292510408,0,0,-2.2952384730933
118,3.2952384730933,1,14.88567333138,0.3,0.49016826155462,0.67108886379016,-14.89145949765,0.33576292510408,0,0,-2.2952384730933
119,3.2952384730933,1,14.88567333138,0.3,0.49016826155462,0.67108886379016,-14.89145949765,0.33576292510408,0,0,-2.2952384730933
120,3.2952384730933,1,14.88567333138,0.3,0.49016826155462,0.67108886379016,-14.89145949765,0.33576292510408,0,0,-2.2952384730933
121,3.2952384730933,1,14.88567333138,0.3,0.49016826155462,0.67108886379016,-14.89145949765,0.33576292510408,0,0,-2.2952384730933
122,3.2952384730933,1,14.88567333138,0.3,0.49016826155462,0.67108886379016,-14.89145949765,0.33576292510408,0,0,-2.2952384730933
123,3.2952384730933,1,14.88567333138,0.3,0.49016826155462,0.67108886379016,-14.89145949765,0.33576292510408,0,0,-2.2952384730933
124,3.2952384730933,1,14.88567333138,0.3,0.49016826155462,0.67108886379016,-14.89145949765,0.33576292510408,0,0,-2.2952384730933
125,3.2952384730933,1,14.88567333138,0.3,0.49016826155462,0.67108886379016,-14.89145949765,0.33576292510408,0,0,-2.2952384730933
126,3.2952384730933,1,14.88567333138,0.3,0.49016826155462,0.67108886379016,-14.89145949765,0.33576292510408,0,0,-2.2952384730933
127,3.2952384730933,1,14.88567333138,0.3,0.49016826155462,0.67108886379016,-14.89145949765,0.33576292510408,0,0,-2.2952384730933
128,3.2952384730933,1,14.88567333138,0.3,0.49016826155462,0.67108886379016,-14.89145949765,0.33576292510408,0,0,-2.2952384730933
129,3.2952384730933,1,14.88567333138,0.3,0.49016826155462,0.67108886379016,-14.89145949765,0.33576292510408,0,0,-2.2952384730933
130,3.2952384730933,1,14.88567333138,0.3,0.49016826155462,0.67108886379016,-14.89145949765,0.33576292510408,0,0,-2.2952384730933
131,3.2952384730933,1,14.88567333138,0.3,0.49016826155462,0.67108886379016,-14.89145949765,0.33576292510408,0,0,-2.2952384730933
132,3.2952384730933,1,14.88567333138,0.3,0.49016826155462,0.67108886379016,-14.89145949765,0.33576292510408,0,0,-2.2952384730933
133,3.2952384730933,1,14.88567333138,0.3,0.49016826155462,0.67108886379016,-14.89145949765,0.33576292510408,0,0,-2.2952384730933
134,3.2952384730933,1,14.88567333138,0.3,0.49016826155462,0.67108886379016,-14.89145949765,0.33576292510408,0,0,-2.2952384730933
135,3.2952384730933,1,14.88567333138,0.3,0.49016826155462,0.67108886379016,-14.89145949765,0.33576292510408,0,0,-2.2952384730933
136,3.2952384730933,1,14.88567333138,0.3,0.49016826155462,0.67108886379016,-14.89145949765,0.33576292510408,0,0,-2.2952384730933
137,3.2952384730933,1,14.88567333138,0.3,0.49016826155462,0.67108886379016,-14.89145949765,0.33576292510408,0,0,-2.2952384730933
138,3.2952384730933,1,14.88567333138,0.3,0.49016826155462,0.67108886379016,-14.89145949765,0.33576292510408,0,0,-2.2952384730933
139,3.2952384730933,1,14.88567333138,0.3,0.49016826155462,0.67108886379016,-14.89145949765,0.33576292510408,0,0,-2.2952384730933
140,3.2952384730933,1,14.88567333138,0.3,0.49016826155462,0.67108886379016,-14.89145949765,0.33576292510408,0,0,-2.2952384730933
141,3.2952384730933,1,14.88567333138,0.3,0.49016826155462,0.67108886379016,-14.89145949765,0.33576292510408,0,0,-2.2952384730933
142,3.2952384730933,1,14.88567333138,0.3,0.49016826155462,0.67108886379016,-14.89145949765,0.33576292510408,0,0,-2.2952384730933
143,3.2952384730933,1,14.88567333138,0.3,0.49016826155462,0.67108886379016,-14.89145949765,0.33576292510408,0,0,-2.2952384730933
144,3.2952384730933,1,14.88567333138,0.3,0.49016826155462,0.67108886379016,-14.89145949765,0.33576292510408,0,0,-2.2952384730933
145,3.2952384730933,1,14.88567333138,0.3,0.49016826155462,0.67108886379016,-14.89145949765,0.33576292510408,0,0,-2.2952384730933
146,3.2952384730933,1,14.88567333138,0.3,0.49016826155462,0.67108886379016,-14.89145949765,0.33576292510408,0,0,-2.2952384730933
147,3.2952384730933,1,14.88567333138,0.3,0.49016826155462,0.67108886379016,-14.89145949765,0.33576292510408,0,0,-2.2952384730933
148,3.2952384730933,1,14.88567333138,0.3,0.49016826155462,0.67108886379016,-14.89145949765,0.33576292510408,0,0,-2.2952384730933
149,3.2952384730933,1,14.88567333138,0.3,0.49016826155462,0.67108886379016,-14.89145949765,0.33576292510408,0,0,-2.2952384730933
150,3.2952384730933,1,14.88567333138,0.3,0.49016826155462,0.67108886379016,-14.89145949765,0.33576292510408,0,0,-2.2952384730933
151,3.2952384730933,1,14.88567333138,0.3,0.49016826155462,0.67108886379016,-14.89145949765,0.33576292510408,0,0,-2.2952384730933
152,3.2952384730933,1,14.88567333138,0.3,0.49016826155462,0.67108886379016,-14.89145949765,0.33576292510408,0,0,-2.2952384730933
153,3.2952384730933,1,14.88567333138,0.3,0.49016826155462,0.67108886379016,-14.89145949765,0.33576292510408,0,0,-2.2952384730933
154,3.2952384730933,1,14.88567333138,0.3,0.49016826155462,0.67108886379016,-14.89145949765,0.33576292510408,0,0,-2.2952384730933
155,3.2952384730933,1,14.88567333138,0.3,0.49016826155462,0.67108886379016,-14.89145949765,0.33576292510408,0,0,-2.2952384730933
156,3.2952384730933,1,14.88567333138,0.3,0.49016826155462,0.67108886379016,-14.89145949765,0.33576292510408,0,0,-2.2952384730933
157,3.2952384730933,1,14.88567333138,0.3,0.49016826155462,0.67108886379016,-14.89145949765,0.33576292510408,0,0,-2.2952384730933
158,3.2952384730933,1,14.88567333138,0.3,0.49016826155462,0.67108886379016,-14.89145949765,0.33576292510408,0,0,-2.2952384730933
159,3.2952384730933,1,14.88567333138,0.3,0.49016826155462,0.67108886379016,-14.89145949765,0.33576292510408,0,0,-2.2952384730933
160,3.2952384730933,1,14.88567333138,0.3,0.49016826155462,0.67108886379016,-14.89145949765,0.33576292510408,0,0,-2.2952384730933
161,3.2952384730933,1,14.88567333138,0.3,0.49016826155462,0.67108886379016,-14.89145949765,0.33576292510408,0,0,-2.2952384730933
162,3.2952384730933,1,14.88567333138,0.3,0.49016826155462,0.67108886379016,-14.89145949765,0.33576292510408,0,0,-2.2952384730933
163,3.2952384730933,1,14.88567333138,0.3,0.49016826155462,0.67108886379016,-14.89145949765,0.33576292510408,0,0,-2.2952384730933
164,3.2952384730933,1,14.88567333138,0.3,0.49016826155462,0.67108886379016,-14.89145949765,0.33576292510408,0,0,-2.2952384730933
165,3.2952384730933,1,14.88567333138,0.3,0.49016826155462,0.67108886379016,-14.89145949765,0.33576292510408,0,0,-2.2952384730933
166,3.2952384730933,1,14.88567333138,0.3,0.49016826155462,0.67108886379016,-14.89145949765,0.33576292510408,0,0,-2.2952384730933
167,3.2952384730933,1,14.88567333138,0.3,0.49016826155462,0.67108886379016,-14.89145949765,0.33576292510408,0,0,-2.2952384730933
168,3.2952384730933,1,14.88567333138,0.3,0.49016826155462,0.67108886379016,-14.89145949765,0.33576292510408,0,0,-2.2952384730933
169,3.2952384730933,1,14.88567333138,0.3,0.49016826155462,0.67108886379016,-14.89145949765,0.33576292510408,0,0,-2.2952384730933
170,3.2952384730933,1,14.88567333138,0.3,0.49016826155462,0.67108886379016,-14.89145949765,0.33576292510408,0,0,-2.2952384730933
171,3.2952384730933,1,14.88567333138,0.3,0.49016826155462,0.67108886379016,-14.89145949765,0.33576292510408,0,0,-2.2952384730933
172,3.2952384730933,1,14.88567333138,0.3,0.49016826155462,0.67108886379016,-14.89145949765,0.33576292510408,0,0,-2.2952384730933
173,3.2952384730933,1,14.88567333138,0.3,0.49016826155462,0.67108886379016,-14.89145949765,0.33576292510408,0,0,-2.2952384730933
174,3.2952384730933,1,14.88567333138,0.3,0.49016826155462,0.67108886379016,-14.89145949765,0.33576292510408,0,0,-2.2952384730933
175,3.2952384730933,1,14.88567333138,0.3,0.49016826155462,0.67108886379016,-14.89145949765,0.33576292510408,0,0,-2.2952384730933
176,3.2952384730933,1,14.88567333138,0.3,0.49016826155462,0.67108886379016,-14.89145949765,0.33576292510408,0,0,-2.2952384730933
177,3.2952384730933,1,14.88567333138,0.3,0.49016826155462,0.67108886379016,-14.89145949765,0.33576292510408,0,0,-2.2952384730933
178,3.2952384730933,1,14.88567333138,0.3,0.49016826155462,0.67108886379016,-14.89145949765,0.33576292510408,0,0,-2.2952384730933
179,3.2952384730933,1,14.88567333138,0.3,0.49016826155462,0.67108886379016,-14.89145949765,0.33576292510408,0,0,-2.2952384730933
180,3.2952384730933,1,14.88567333138,0.3,0.49016826155462,0.67108886379016,-14.89145949765,0.33576292510408,0,0,-2.2952384730933
181,3.2952384730933,1,14.88567333138,0.3,0.49016826155462,0.67108886379016,-14.89145949765,0.33576292510408,0,0,-2.2952384730933
182,3.2952384730933,1,14.88567333138,0.3,0.49016826155462,0.67108886379016,-14.89145949765,0.33576292510408,0,0,-2.2952384730933
183,3.2952384730933,1,14.88567333138,0.3,0.49016826155462,0.67108886379016,-14.89145949765,0.33576292510408,0,0,-2.2952384730933
184,3.2952384730933,1,14.88567333138,0.3,0.49016826155462,0.67108886379016,-14.89145949765,0.33576292510408,0,0,-2.2952384730933
185,3.2952384730933,1,14.88567333138,0.3,0.49016826155462,0.67108886379016,-14.89145949765,0.33576292510408,0,0,-2.2952384730933
186,3.2952384730933,1,14.88567333138,0.3,0.49016826155462,0.67108886379016,-14.89145949765,0.33576292510408,0,0,-2.2952384730933
187,3.2952384730933,1,14.88567333138,0.3,0.49016826155462,0.67108886379016,-14.89145949765,0.33576292510408,0,0,-2.2952384730933
188,3.2952384730933,1,14.88567333138,0.3,0.49016826155462,0.67108886379016,-14.89145949765,0.33576292510408,0,0,-2.2952384730933
189,3.2952384730933,1,14.88567333138,0.3,0.49016826155462,0.67108886379016,-14.89145949765,0.33576292510408,0,0,-2.2952384730933
190,3.2952384730933,1,14.88567333138,0.3,0.49016826155462,0.67108886379016,-14.89145949765,0.33576292510408,0,0,-2.2952384730933
191,3.2952384730933,1,14.88567333138,0.3,0.49016826155462,0.67108886379016,-14.89145949765,0.33576292510408,0,0,-2.2952384730933
192,3.2952384730933,1,14.88567333138,0.3,0.49016826155462,0.67108886379016,-14.89145949765,0.33576292510408,0,0,-2.2952384730933
193,3.2952384730933,1,14.88567333138,0.3,0.49016826155462,0.67108886379016,-14.89145949765,0.33576292510408,0,0,-2.2952384730933
194,3.2952384730933,1,14.88567333138,0.3,0.49016826155462,0.67108886379016,-14.89145949765,0.33576292510408,0,0,-2.2952384730933
195,3.2952384730933,1,14.88567333138,0.3,0.49016826155462,0.67108886379016,-14.89145949765,0.33576292510408,0,0,-2.2952384730933
196,3.2952384730933,1,14.88567333138,0.3,0.49016826155462,0.67108886379016,-14.89145949765,0.33576292510408,0,0,-2.2952384730933
197,3.2952384730933,1,14.88567333138,0.3,0.49016826155462,0.67108886379016,-14.89145949765,0.33576292510408,0,0,-2.2952384730933
198,3.2952384730933,1,14.88567333138,0.3,0.49016826155462,0.67108886379016,-14.89145949765,0.33576292510408,0,0,-2.2952384730933
199,3.2952384730933,1,14.88567333138,0.3,0.49016826155462,0.67108886379016,-14.89145949765,0.33576292510408,0,0,-2.2952384730933
200,3.2952384730933,1,14.88567333138,0.3,0.49016826155462,0.67108886379016,-14.89145949765,0.33576292510408,0,0,-2.2952384730933
201,3.2952384730933,1,14.88567333138,0.3,0.49016826155462,0.67108886379016,-14.89145949765,0.33576292510408,0,0,-2.2952384730933
202,3.2952384730933,1,14.88567333138,0.3,0.49016826155462,0.67108886379016,-14.89145949765,0.33576292510408,0,0,-2.2952384730933
203,3.2952384730933,1,14.88567333138,0.3,0.49016826155462,0.67108886379016,-14.89145949765,0.33576292510408,0,0,-2.2952384730933
204,3.2952384730933,1,14.88567333138,0.3,0.49016826155462,0.67108886379016,-14.89145949765,0.33576292510408,0,0,-2.2952384730933
205,3.2952384730933,1,14.88567333138,0.3,0.49016826155462,0.67108886379016,-14.89145949765,0.33576292510408,0,0,-2.2952384730933
206,3.2952384730933,1,14.88567333138,0.3,0.49016826155462,0.67108886379016,-14.89145949765,0.33576292510408,0,0,-2.2952384730933
207,3.2952384730933,1,14.88567333138,0.3,0.49016826155462,0.67108886379016,-14.89145949765,0.33576292510408,0,0,-2.2952384730933
208,3.2952384730933,1,14.88567333138,0.3,0.49016826155462,0.67108886379016,-14.89145949765,0.33576292510408,0,0,-2.2952384730933
209,3.2952384730933,1,14.88567333138,0.3,0.49016826155462,0.67108886379016,-14.89145949765,0.33576292510408,0,0,-2.2952384730933
210,3.2952384730933,1,14.88567333138,0.3,0.49016826155462,0.67108886379016,-14.89145949765,0.33576292510408,0,0,-2.2952384730933
211,3.2952384730933,1,14.88567333138,0.3,0.49016826155462,0.67108886379016,-14.89145949765,0.33576292510408,0,0,-2.2952384730933
212,3.2952384730933,1,14.88567333138,0.3,0.49016826155462,0.67108886379016,-14.89145949765,0.33576292510408,0,0,-2.2952384730933
213,3.2952384730933,1,14.88567333138,0.3,0.49016826155462,0.67108886379016,-14.89145949765,0.33576292510408,0,0,-2.2952384730933
214,3.2952384730933,1,14.88567333138,0.3,0.49016826155462,0.67108886379016,-14.89145949765,0.33576292510408,0,0,-2.2952384730933
215,3.2952384730933,1,14.88567333138,0.3,0.49016826155462,0.67108886379016,-14.89145949765,0.33576292510408,0,0,-2.2952384730933
216,3.2952384730933,1,14.88567333138,0.3,0.49016826155462,0.67108886379016,-14.89145949765,0.33576292510408,0,0,-2.2952384730933
217,3.2952384730933,1,14.88567333138,0.3,0.49016826155462,0.67108886379016,-14.89145949765,0.33576292510408,0,0,-2.2952384730933
218,3.2952384730933,1,14.88567333138,0.3,0.49016826155462,0.67108886379016,-14.89145949765,0.33576292510408,0,0,-2.2952384730933
219,3.2952384730933,1,14.88567333138,0.3,0.49016826155462,0.67108886379016,-14.89145949765,0.33576292510408,0,0,-2.2952384730933
220,3.2952384730933,1,14.88567333138,0.3,0.49016826155462,0.67108886379016,-14.89145949765,0.33576292510408,0,0,-2.2952384730933
221,3.2952384730933,1,14.88567333138,0.3,0.49016826155462,0.67108886379016,-14.89145949765,0.33576292510408,0,0,-2.2952384730933
222,3.2952384730933,1,14.88567333138,0.3,0.49016826155462,0.67108886379016,-14.89145949765,0.33576292510408,0,0,-2.2952384730933
223,3.2952384730933,1,14.88567333138,0.3,0.49016826155462,0.67108886379016,-14.89145949765,0.33576292510408,0,0,-2.2952384730933
224,3.2952384730933,1,14.88567333138,0.3,0.49016826155462,0.67108886379016,-14.89145949765,0.33576292510408,0,0,-2.2952384730933
225,3.2952384730933,1,14.88567333138,0.3,0.49016826155462,0.67108886379016,-14.89145949765,0.33576292510408,0,0,-2.2952384730933
226,3.2952384730933,1,14.88567333138,0.3,0.49016826155462,0.67108886379016,-14.89145949765,0.33576292510408,0,0,-2.2952384730933
227,3.2952384730933,1,14.88567333138,0.3,0.49016826155462,0.67108886379016,-14.89145949765,0.33576292510408,0,0,-2.2952384730933
228,3.2952384730933,1,14.88567333138,0.3,0.49016826155462,0.67108886379016,-14.89145949765,0.33576292510408,0,0,-2.2952384730933
229,3.2952384730933,1,14.88567333138,0.3,0.49016826155462,0.67108886379016,-14.89145949765,0.33576292510408,0,0,-2.2952384730933
230,3.2952384730933,1,14.88567333138,0.3,0.49016826155462,0.67108886379016,-14.89145949765,0.33576292510408,0,0,-2.2952384730933
231,3.2952384730933,1,14.88567333138,0.3,0.49016826155462,0.67108886379016,-14.89145949765,0.33576292510408,0,0,-2.2952384730933
232,3.2952384730933,1,14.88567333138,0.3,0.49016826155462,0.67108886379016,-14.89145949765,0.33576292510408,0,0,-2.2952384730933
233,3.2952384730933,1,14.88567333138,0.3,0.49016826155462,0.67108886379016,-14.89145949765,0.33576292510408,0,0,-2.2952384730933
234,3.2952384730933,1,14.88567333138,0.3,0.49016826155462,0.67108886379016,-14.89145949765,0.33576292510408,0,0,-2.2952384730933
235,3.2952384730933,1,14.88567333138,0.3,0.49016826155462,0.67108886379016,-14.89145949765,0.33576292510408,0,0,-2.2952384730933
236,3.2952384730933,1,14.88567333138,0.3,0.49016826155462,0.67108886379016,-14.89145949765,0.33576292510408,0,0,-2.2952384730933
237,3.2952384730933,1,14.88567333138,0.3,0.49016826155462,0.67108886379016,-14.89145949765,0.33576292510408,0,0,-2.2952384730933
238,3.2952384730933,1,14.88567333138,0.3,0.49016826155462,0.67108886379016,-14.89145949765,0.33576292510408,0,0,-2.2952384730933
239,3.2952384730933,1,14.88567333138,0.3,0.49016826155462,0.67108886379016,-14.89145949765,0.33576292510408,0,0,-2.2952384730933
240,3.2952384730933,1,14.88567333138,0.3,0.49016826155462,0.67108886379016,-14.89145949765,0.33576292510408,0,0,-2.2952384730933
241,3.2952384730933,1,14.88567333138,0.3,0.49016826155462,0.67108886379016,-14.89145949765,0.33576292510408,0,0,-2.2952384730933
242,3.2952384730933,1,14.88567333138,0.3,0.49016826155462,0.67108886379016,-14.89145949765,0.33576292510408,0,0,-2.2952384730933
243,3.2952384730933,1,14.88567333138,0.3,0.49016826155462,0.67108886379016,-14.89145949765,0.33576292510408,0,0,-2.2952384730933
244,3.2952384730933,1,14.88567333138,0.3,0.49016826155462,0.67108886379016,-14.89145949765,0.33576292510408,0,0,-2.2952384730933
245,3.2952384730933,1,14.88567333138,0.3,0.49016826155462,0.67108886379016,-14.89145949765,0.33576292510408,0,0,-2.2952384730933
246,3.2952384730933,1,14.88567333138,0.3,0.49016826155462,0.67108886379016,-14.89145949765,0.33576292510408,0,0,-2.2952384730933
247,3.2952384730933,1,14.88567333138,0.3,0.49016826155462,0.67108886379016,-14.89145949765,0.33576292510408,0,0,-2.2952384730933
248,3.2952384730933,1,14.88567333138,0.3,0.49016826155462,0.67108886379016,-14.89145949765,0.33576292510408,0,0,-2.2952384730933
249,3.2952384730933,1,14.88567333138,0.3,0.49016826155462,0.67108886379016,-14.89145949765,0.33576292510408,0,0,-2.2952384730933
250,3.2952384730933,1,14.88567333138,0.3,0.49016826155462,0.67108886379016,-14.89145949765,0.33576292510408,0,0,-2.2952384730933
251,3.2952384730933,1,14.88567333138,0.3,0.49016826155462,0.67108886379016,-14.89145949765,0.33576292510408,0,0,-2.2952384730933
252,3.2952384730933,1,14.88567333138,0.3,0.49016826155462,0.67108886379016,-14.89145949765,0.33576292510408,0,0,-2.2952384730933
253,3.2952384730933,1,14.88567333138,0.3,0.49016826155462,0.67108886379016,-14.89145949765,0.33576292510408,0,0,-2.2952384730933
254,3.2952384730933,1,14.88567333138,0.3,0.49016826155462,0.67108886379016,-14.89145949765,0.33576292510408,0,0,-2.2952384730933
255,3.2952384730933,1,14.88567333138,0.3,0.49016826155462,0.67108886379016,-14.89145949765,0.33576292510408,0,0,-2.2952384730933
256,3.2952384730933,1,14.88567333138,0.3,0.49016826155462,0.67108886379016,-14.89145949765,0.33576292510408,0,0,-2.2952384730933
257,3.2952384730933,1,14.88567333138,0.3,0.49016826155462,0.67108886379016,-14.89145949765,0.33576292510408,0,0,-2.2952384730933
258,3.2952384730933,1,14.88567333138,0.3,0.49016826155462,0.67108886379016,-14.89145949765,0.33576292510408,0,0,-2.2952384730933
259,3.2952384730933,1,14.88567333138,0.3,0.49016826155462,0.67108886379016,-14.89145949765,0.33576292510408,0,0,-2.2952384730933
260,3.2952384730933,1,14.88567333138,0.3,0.49016826155462,0.67108886379016,-14.89145949765,0.33576292510408,0,0,-2.2952384730933
261,3.2952384730933,1,14.88567333138,0.3,0.49016826155462,0.67108886379016,-14.89145949765,0.33576292510408,0,0,-2.2952384730933
262,3.2952384730933,1,14.88567333138,0.3,0.49016826155462,0.67108886379016,-14.89145949765,0.33576292510408,0,0,-2.2952384730933
263,3.2952384730933,1,14.88567333138,0.3,0.49016826155462,0.67108886379016,-14.89145949765,0.33576292510408,0,0,-2.2952384730933
264,3.2952384730933,1,14.88567333138,0.3,0.49016826155462,0.67108886379016,-14.89145949765,0.33576292510408,0,0,-2.2952384730933
265,3.2952384730933,1,14.88567333138,0.3,0.49016826155462,0.67108886379016,-14.89145949765,0.33576292510408,0,0,-2.2952384730933
266,3.2952384730933,1,14.88567333138,0.3,0.49016826155462,0.67108886379016,-14.89145949765,0.33576292510408,0,0,-2.2952384730933
267,3.2952384730933,1,14.88567333138,0.3,0.49016826155462,0.67108886379016,-14.89145949765,0.33576292510408,0,0,-2.2952384730933
268,3.2952384730933,1,14.88567333138,0.3,0.49016826155462,0.67108886379016,-14.89145949765,0.33576292510408,0,0,-2.2952384730933
269,3.2952384730933,1,14.88567333138,0.3,0.49016826155462,0.67108886379016,-14.89145949765,0.33576292510408,0,0,-2.2952384730933
270,3.2952384730933,1,14.88567333138,0.3,0.49016826155462,0.67108886379016,-14.89145949765,0.33576292510408,0,0,-2.2952384730933
271,3.2952384730933,1,14.88567333138,0.3,0.49016826155462,0.67108886379016,-14.89145949765,0.33576292510408,0,0,-2.2952384730933
272,3.2952384730933,1,14.88567333138,0.3,0.49016826155462,0.67108886379016,-14.89145949765,0.33576292510408,0,0,-2.2952384730933
273,3.2952384730933,1,14.88567333138,0.3,0.49016826155462,0.67108886379016,-14.89145949765,0.33576292510408,0,0,-2.2952384730933
274,3.2952384730933,1,14.88567333138,0.3,0.49016826155462,0.67108886379016,-14.89145949765,0.33576292510408,0,0,-2.2952384730933
275,3.2952384730933,1,14.88567333138,0.3,0.49016826155462,0.67108886379016,-14.89145949765,0.33576292510408,0,0,-2.2952384730933
276,3.2952384730933,1,14.88567333138,0.3,0.49016826155462,0.67108886379016,-14.89145949765,0.33576292510408,0,0,-2.2952384730933
277,3.2952384730933,1,14.88567333138,0.3,0.49016826155462,0.67108886379016,-14.89145949765,0.33576292510408,0,0,-2.2952384730933
278,3.2952384730933,1,14.88567333138,0.3,0.49016826155462,0.67108886379016,-14.89145949765,0.33576292510408,0,0,-2.2952384730933
279,3.2952384730933,1,14.88567333138,0.3,0.49016826155462,0.67108886379016,-14.89145949765,0.33576292510408,0,0,-2.2952384730933
280,3.2952384730933,1,14.88567333138,0.3,0.49016826155462,0.67108886379016,-14.89145949765,0.33576292510408,0,0,-2.2952384730933
281,3.2952384730933,1,14.88567333138,0.3,0.49016826155462,0.67108886379016,-14.89145949765,0.33576292510408,0,0,-2.2952384730933
282,3.2952384730933,1,14.88567333138,0.3,0.49016826155462,0.67108886379016,-14.89145949765,0.33576292510408,0,0,-2.2952384730933
283,3.2952384730933,1,14.88567333138,0.3,0.49016826155462,0.67108886379016,-14.89145949765,0.33576292510408,0,0,-2.2952384730933
284,3.2952384730933,1,14.88567333138,0.3,0.49016826155462,0.67108886379016,-14.89145949765,0.33576292510408,0,0,-2.2952384730933
285,3.2952384730933,1,14.88567333138,0.3,0.49016826155462,0.67108886379016,-14.89145949765,0.33576292510408,0,0,-2.2952384730933
286,3.2952384730933,1,14.88567333138,0.3,0.49016826155462,0.67108886379016,-14.89145949765,0.33576292510408,0,0,-2.2952384730933
287,3.2952384730933,1,14.88567333138,0.3,0.49016826155462,0.67108886379016,-14.89145949765,0.33576292510408,0,0,-2.2952384730933
288,3.2952384730933,1,14.88567333138,0.3,0.49016826155462,0.67108886379016,-14.89145949765,0.33576292510408,0,0,-2.2952384730933
289,3.2952384730933,1,14.88567333138,0.3,0.49016826155462,0.67108886379016,-14.89145949765,0.33576292510408,0,0,-2.2952384730933
290,3.2952384730933,1,14.88567333138,0.3,0.49016826155462,0.67108886379016,-14.89145949765,0.33576292510408,0,0,-2.2952384730933
291,3.2952384730933,1,14.88567333138,0.3,0.49016826155462,0.67108886379016,-14.89145949765,0.33576292510408,0,0,-2.2952384730933
292,3.2952384730933,1,14.88567333138,0.3,0.49016826155462,0.67108886379016,-14.89145949765,0.33576292510408,0,0,-2.2952384730933
293,3.2952384730933,1,14.88567333138,0.3,0.49016826155462,0.67108886379016,-14.89145949765,0.33576292510408,0,0,-2.2952384730933
294,3.2952384730933,1,14.88567333138,0.3,0.49016826155462,0.67108886379016,-14.89145949765,0.33576292510408,0,0,-2.2952384730933
295,3.2952384730933,1,14.88567333138,0.3,0.49016826155462,0.67108886379016,-14.89145949765,0.33576292510408,0,0,-2.2952384730933
296,3.2952384730933,1,14.88567333138,0.3,0.49016826155462,0.67108886379016,-14.89145949765,0.33576292510408,0,0,-2.2952384730933
297,3.2952384730933,1,14.88567333138,0.3,0.49016826155462,0.67108886379016,-14.89145949765,0.33576292510408,0,0,-2.2952384730933
298,3.2952384730933,1,14.88567333138,0.3,0.49016826155462,0.67108886379016,-14.89145949765,0.33576292510408,0,0,-2.2952384730933
299,3.2952384730933,1,14.88567333138,0.3,0.49016826155462,0.67108886379016,-14.89145949765,0.33576292510408,0,0,-2.2952384730933
300,3.2952384730933,1,14.88567333138,0.3,0.49016826155462,0.67108886379016,-14.89145949765,0.33576292510408,0,0,-2.2952384730933
301,3.2952384730933,1,14.88567333138,0.3,0.49016826155462,0.67108886379016,-14.89145949765,0.33576292510408,0,0,-2.2952384730933
302,3.2952384730933,1,14.88567333138,0.3,0.49016826155462,0.67108886379016,-14.89145949765,0.33576292510408,0,0,-2.2952384730933
303,3.2952384730933,1,14.88567333138,0.3,0.49016826155462,0.67108886379016,-14.89145949765,0.33576292510408,0,0,-2.2952384730933
304,3.2952384730933,1,14.88567333138,0.3,0.49016826155462,0.67108886379016,-14.89145949765,0.33576292510408,0,0,-2.2952384730933
305,3.2952384730933,1,14.88567333138,0.3,0.49016826155462,0.67108886379016,-14.89145949765,0.33576292510408,0,0,-2.2952384730933
306,3.2952384730933,1,14.88567333138,0.3,0.49016826155462,0.67108886379016,-14.89145949765,0.33576292510408,0,0,-2.2952384730933
307,3.2952384730933,1,14.88567333138,0.3,0.49016826155462,0.67108886379016,-14.89145949765,0.33576292510408,0,0,-2.2952384730933
308,3.2952384730933,1,14.88567333138,0.3,0.49016826155462,0.67108886379016,-14.89145949765,0.33576292510408,0,0,-2.2952384730933
309,3.2952384730933,1,14.88567333138,0.3,0.49016826155462,0.67108886379016,-14.89145949765,0.33576292510408,0,0,-2.2952384730933
310,3.2952384730933,1,14.88567333138,0.3,0.49016826155462,0.67108886379016,-14.89145949765,0.33576292510408,0,0,-2.2952384730933
311,3.2952384730933,1,14.88567333138,0.3,0.49016826155462,0.67108886379016,-14.89145949765,0.33576292510408,0,0,-2.2952384730933
312,3.2952384730933,1,14.88567333138,0.3,0.49016826155462,0.67108886379016,-14.89145949765,0.33576292510408,0,0,-2.2952384730933
313,3.2952384730933,1,14.88567333138,0.3,0.49016826155462,0.67108886379016,-14.89145949765,0.33576292510408,0,0,-2.2952384730933
314,3.2952384730933,1,14.88567333138,0.3,0.49016826155462,0.67108886379016,-14.89145949765,0.33576292510408,0,0,-2.2952384730933
315,3.2952384730933,1,14.88567333138,0.3,0.49016826155462,0.67108886379016,-14.89145949765,0.33576292510408,0,0,-2.2952384730933
316,3.2952384730933,1,14.88567333138,0.3,0.49016826155462,0.67108886379016,-14.89145949765,0.33576292510408,0,0,-2.2952384730933
317,3.2952384730933,1,14.88567333138,0.3,0.49016826155462,0.67108886379016,-14.89145949765,0.33576292510408,0,0,-2.2952384730933
318,3.2952384730933,1,14.88567333138,0.3,0.49016826155462,0.67108886379016,-14.89145949765,0.33576292510408,0,0,-2.2952384730933
319,3.2952384730933,1,14.88567333138,0.3,0.49016826155462,0.67108886379016,-14.89145949765,0.33576292510408,0,0,-2.2952384730933
320,3.2952384730933,1,14.88567333138,0.3,0.49016826155462,0.67108886379016,-14.89145949765,0.33576292510408,0,0,-2.2952384730933
321,3.2952384730933,1,14.88567333138,0.3,0.49016826155462,0.67108886379016,-14.89145949765,0.33576292510408,0,0,-2.2952384730933
322,3.2952384730933,1,14.88567333138,0.3,0.49016826155462,0.67108886379016,-14.89145949765,0.33576292510408,0,0,-2.2952384730933
323,3.2952384730933,1,14.88567333138,0.3,0.49016826155462,0.67108886379016,-14.89145949765,0.33576292510408,0,0,-2.2952384730933
324,3.2952384730933,1,14.88567333138,0.3,0.49016826155462,0.67108886379016,-14.89145949765,0.33576292510408,0,0,-2.2952384730933
325,3.2952384730933,1,14.88567333138,0.3,0.49016826155462,0.67108886379016,-14.89145949765,0.33576292510408,0,0,-2.2952384730933
326,3.2952384730933,1,14.88567333138,0.3,0.49016826155462,0.67108886379016,-14.89145949765,0.33576292510408,0,0,-2.2952384730933
327,3.2952384730933,1,14.88567333138,0.3,0.49016826155462,0.67108886379016,-14.89145949765,0.33576292510408,0,0,-2.2952384730933
328,3.2952384730933,1,14.88567333138,0.3,0.49016826155462,0.67108886379016,-14.89145949765,0.33576292510408,0,0,-2.2952384730933
329,3.2952384730933,1,14.88567333138,0.3,0.49016826155462,0.67108886379016,-14.89145949765,0.33576292510408,0,0,-2.2952384730933
330,3.2952384730933,1,14.88567333138,0.3,0.49016826155462,0.67108886379016,-14.89145949765,0.33576292510408,0,0,-2.2952384730933
331,3.2952384730933,1,14.88567333138,0.3,0.49016826155462,0.67108886379016,-14.89145949765,0.33576292510408,0,0,-2.2952384730933
332,3.2952384730933,1,14.88567333138,0.3,0.49016826155462,0.67108886379016,-14.89145949765,0.33576292510408,0,0,-2.2952384730933
333,3.2952384730933,1,14.88567333138,0.3,0.49016826155462,0.67108886379016,-14.89145949765,0.33576292510408,0,0,-2.2952384730933
334,3.2952384730933,1,14.88567333138,0.3,0.49016826155462,0.67108886379016,-14.89145949765,0.33576292510408,0,0,-2.2952384730933
335,3.2952384730933,1,14.88567333138,0.3,0.49016826155462,0.67108886379016,-14.89145949765,0.33576292510408,0,0,-2.2952384730933
336,3.2952384730933,1,14.88567333138,0.3,0.49016826155462,0.67108886379016,-14.89145949765,0.33576292510408,0,0,-2.2952384730933
337,3.2952384730933,1,14.88567333138,0.3,0.49016826155462,0.67108886379016,-14.89145949765,0.33576292510408,0,0,-2.2952384730933
338,3.2952384730933,1,14.88567333138,0.3,0.49016826155462,0.67108886379016,-14.89145949765,0.33576292510408,0,0,-2.2952384730933
339,3.2952384730933,1,14.88567333138,0.3,0.49016826155462,0.67108886379016,-14.89145949765,0.33576292510408,0,0,-2.2952384730933
340,3.2952384730933,1,14.88567333138,0.3,0.49016826155462,0.67108886379016,-14.89145949765,0.33576292510408,0,0,-2.2952384730933
341,3.2952384730933,1,14.88567333138,0.3,0.49016826155462,0.67108886379016,-14.89145949765,0.33576292510408,0,0,-2.2952384730933
342,3.2952384730933,1,14.88567333138,0.3,0.49016826155462,0.67108886379016,-14.89145949765,0.33576292510408,0,0,-2.2952384730933
343,3.2952384730933,1,14.88567333138,0.3,0.49016826155462,0.67108886379016,-14.89145949765,0.33576292510408,0,0,-2.2952384730933
344,3.2952384730933,1,14.88567333138,0.3,0.49016826155462,0.67108886379016,-14.89145949765,0.33576292510408,0,0,-2.2952384730933
345,3.2952384730933,1,14.88567333138,0.3,0.49016826155462,0.67108886379016,-14.89145949765,0.33576292510408,0,0,-2.2952384730933
346,3.2952384730933,1,14.88567333138,0.3,0.49016826155462,0.67108886379016,-14.89145949765,0.33576292510408,0,0,-2.2952384730933
347,3.2952384730933,1,14.88567333138,0.3,0.49016826155462,0.67108886379016,-14.89145949765,0.33576292510408,0,0,-2.2952384730933
348,3.2952384730933,1,14.88567333138,0.3,0.49016826155462,0.67108886379016,-14.89145949765,0.33576292510408,0,0,-2.2952384730933
349,3.2952384730933,1,14.88567333138,0.3,0.49016826155462,0.67108886379016,-14.89145949765,0.33576292510408,0,0,-2.2952384730933
350,3.2952384730933,1,14.88567333138,0.3,0.49016826155462,0.67108886379016,-14.89145949765,0.33576292510408,0,0,-2.2952384730933
351,3.2952384730933,1,14.88567333138,0.3,0.49016826155462,0.67108886379016,-14.89145949765,0.33576292510408,0,0,-2.2952384730933
352,3.2952384730933,1,14.88567333138,0.3,0.49016826155462,0.67108886379016,-14.89145949765,0.33576292510408,0,0,-2.2952384730933
353,3.2952384730933,1,14.88567333138,0.3,0.49016826155462,0.67108886379016,-14.89145949765,0.33576292510408,0,0,-2.2952384730933
354,3.2952384730933,1,14.88567333138,0.3,0.49016826155462,0.67108886379016,-14.89145949765,0.33576292510408,0,0,-2.2952384730933
355,3.2952384730933,1,14.88567333138,0.3,0.49016826155462,0.67108886379016,-14.89145949765,0.33576292510408,0,0,-2.2952384730933
356,3.2952384730933,1,14.88567333138,0.3,0.49016826155462,0.67108886379016,-14.89145949765,0.33576292510408,0,0,-2.2952384730933
357,3.2952384730933,1,14.88567333138,0.3,0.49016826155462,0.67108886379016,-14.89145949765,0.33576292510408,0,0,-2.2952384730933
358,3.2952384730933,1,14.88567333138,0.3,0.49016826155462,0.67108886379016,-14.89145949765,0.33576292510408,0,0,-2.2952384730933
359,3.2952384730933,1,14.88567333138,0.3,0.49016826155462,0.67108886379016,-14.89145949765,0.33576292510408,0,0,-2.2952384730933
360,3.2952384730933,1,14.88567333138,0.3,0.49016826155462,0.67108886379016,-14.89145949765,0.33576292510408,0,0,-2.2952384730933
361,3.2952384730933,1,14.88567333138,0.3,0.49016826155462,0.67108886379016,-14.89145949765,0.33576292510408,0,0,-2.2952384730933
362,3.2952384730933,1,14.88567333138,0.3,0.49016826155462,0.67108886379016,-14.89145949765,0.33576292510408,0,0,-2.2952384730933
363,3.2952384730933,1,14.88567333138,0.3,0.49016826155462,0.67108886379016,-14.89145949765,0.33576292510408,0,0,-2.2952384730933
364,3.2952384730933,1,14.88567333138,0.3,0.49016826155462,0.67108886379016,-14.89145949765,0.33576292510408,0,0,-2.2952384730933
365,3.2952384730933,1,14.88567333138,0.3,0.49016826155462,0.67108886379016,-14.89145949765,0.33576292510408,0,0,-2.2952384730933
366,3.2952384730933,1,14.88567333138,0.3,0.49016826155462,0.67108886379016,-14.89145949765,0.33576292510408,0,0,-2.2952384730933
367,3.2952384730933,1,14.88567333138,0.3,0.49016826155462,0.67108886379016,-14.89145949765,0.33576292510408,0,0,-2.2952384730933
368,3.2952384730933,1,14.88567333138,0.3,0.49016826155462,0.67108886379016,-14.89145949765,0.33576292510408,0,0,-2.2952384730933
369,3.2952384730933,1,14.88567333138,0.3,0.49016826155462,0.67108886379016,-14.89145949765,0.33576292510408,0,0,-2.2952384730933
370,3.2952384730933,1,14.88567333138,0.3,0.49016826155462,0.67108886379016,-14.89145949765,0.33576292510408,0,0,-2.2952384730933
371,3.2952384730933,1,14.88567333138,0.3,0.49016826155462,0.67108886379016,-14.89145949765,0.33576292510408,0,0,-2.2952384730933
372,3.2952384730933,1,14.88567333138,0.3,0.49016826155462,0.67108886379016,-14.89145949765,0.33576292510408,0,0,-2.2952384730933
373,3.2952384730933,1,14.88567333138,0.3,0.49016826155462,0.67108886379016,-14.89145949765,0.33576292510408,0,0,-2.2952384730933
374,3.2952384730933,1,14.88567333138,0.3,0.49016826155462,0.67108886379016,-14.89145949765,0.33576292510408,0,0,-2.2952384730933
375,3.2952384730933,1,14.88567333138,0.3,0.49016826155462,0.67108886379016,-14.89145949765,0.33576292510408,0,0,-2.2952384730933
376,3.2952384730933,1,14.88567333138,0.3,0.49016826155462,0.67108886379016,-14.89145949765,0.33576292510408,0,0,-2.2952384730933
377,3.2952384730933,1,14.88567333138,0.3,0.49016826155462,0.67108886379016,-14.89145949765,0.33576292510408,0,0,-2.2952384730933
378,3.2952384730933,1,14.88567333138,0.3,0.49016826155462,0.67108886379016,-14.89145949765,0.33576292510408,0,0,-2.2952384730933
379,3.2952384730933,1,14.88567333138,0.3,0.49016826155462,0.67108886379016,-14.89145949765,0.33576292510408,0,0,-2.2952384730933
380,3.2952384730933,1,14.88567333138,0.3,0.49016826155462,0.67108886379016,-14.89145949765,0.33576292510408,0,0,-2.2952384730933
381,3.2952384730933,1,14.88567333138,0.3,0.49016826155462,0.67108886379016,-14.89145949765,0.33576292510408,0,0,-2.2952384730933
382,3.2952384730933,1,14.88567333138,0.3,0.49016826155462,0.67108886379016,-14.89145949765,0.33576292510408,0,0,-2.2952384730933
383,3.2952384730933,1,14.88567333138,0.3,0.49016826155462,0.67108886379016,-14.89145949765,0.33576292510408,0,0,-2.2952384730933
384,3.2952384730933,1,14.88567333138,0.3,0.49016826155462,0.67108886379016,-14.89145949765,0.33576292510408,0,0,-2.2952384730933
385,3.2952384730933,1,14.88567333138,0.3,0.49016826155462,0.67108886379016,-14.89145949765,0.33576292510408,0,0,-2.2952384730933
386,3.2952384730933,1,14.88567333138,0.3,0.49016826155462,0.67108886379016,-14.89145949765,0.33576292510408,0,0,-2.2952384730933
387,3.2952384730933,1,14.88567333138,0.3,0.49016826155462,0.67108886379016,-14.89145949765,0.33576292510408,0,0,-2.2952384730933
388,3.2952384730933,1,14.88567333138,0.3,0.49016826155462,0.67108886379016,-14.89145949765,0.33576292510408,0,0,-2.2952384730933
389,3.2952384730933,1,14.88567333138,0.3,0.49016826155462,0.67108886379016,-14.89145949765,0.33576292510408,0,0,-2.2952384730933
390,3.2952384730933,1,14.88567333138,0.3,0.49016826155462,0.67108886379016,-14.89145949765,0.33576292510408,0,0,-2.2952384730933
391,3.2952384730933,1,14.88567333138,0.3,0.49016826155462,0.67108886379016,-14.89145949765,0.33576292510408,0,0,-2.2952384730933
392,3.2952384730933,1,14.88567333138,0.3,0.49016826155462,0.67108886379016,-14.89145949765,0.33576292510408,0,0,-2.2952384730933
393,3.2952384730933,1,14.88567333138,0.3,0.49016826155462,0.67108886379016,-14.89145949765,0.33576292510408,0,0,-2.2952384730933
394,3.2952384730933,1,14.88567333138,0.3,0.49016826155462,0.67108886379016,-14.89145949765,0.33576292510408,0,0,-2.2952384730933
395,3.2952384730933,1,14.88567333138,0.3,0.49016826155462,0.67108886379016,-14.89145949765,0.33576292510408,0,0,-2.2952384730933
396,3.2952384730933,1,14.88567333138,0.3,0.49016826155462,0.67108886379016,-14.89145949765,0.33576292510408,0,0,-2.2952384730933
397,3.2952384730933,1,14.88567333138,0.3,0.49016826155462,0.67108886379016,-14.89145949765,0.33576292510408,0,0,-2.2952384730933
398,3.2952384730933,1,14.88567333138,0.3,0.49016826155462,0.67108886379016,-14.89145949765,0.33576292510408,0,0,-2.2952384730933
399,3.2952384730933,1,14.88567333138,0.3,0.49016826155462,0.67108886379016,-14.89145949765,0.33576292510408,0,0,-2.2952384730933
400,3.2952384730933,1,14.88567333138,0.3,0.49016826155462,0.67108886379016,-14.89145949765,0.33576292510408,0,0,-2.2952384730933
401,3.2952384730933,1,14.88567333138,0.3,0.49016826155462,0.67108886379016,-14.89145949765,0.33576292510408,0,0,-2.2952384730933
402,3.2952384730933,1,14.88567333138,0.3,0.49016826155462,0.67108886379016,-14.89145949765,0.33576292510408,0,0,-2.2952384730933
403,3.2952384730933,1,14.88567333138,0.3,0.49016826155462,0.67108886379016,-14.89145949765,0.33576292510408,0,0,-2.2952384730933
404,3.2952384730933,1,14.88567333138,0.3,0.49016826155462,0.67108886379016,-14.89145949765,0.33576292510408,0,0,-2.2952384730933
405,3.2952384730933,1,14.88567333138,0.3,0.49016826155462,0.67108886379016,-14.89145949765,0.33576292510408,0,0,-2.2952384730933
406,3.2952384730933,1,14.88567333138,0.3,0.49016826155462,0.67108886379016,-14.89145949765,0.33576292510408,0,0,-2.2952384730933
407,3.2952384730933,1,14.88567333138,0.3,0.49016826155462,0.67108886379016,-14.89145949765,0.33576292510408,0,0,-2.2952384730933
408,3.2952384730933,1,14.88567333138,0.3,0.49016826155462,0.67108886379016,-14.89145949765,0.33576292510408,0,0,-2.2952384730933
409,3.2952384730933,1,14.88567333138,0.3,0.49016826155462,0.67108886379016,-14.89145949765,0.33576292510408,0,0,-2.2952384730933
410,3.2952384730933,1,14.88567333138,0.3,0.49016826155462,0.67108886379016,-14.89145949765,0.33576292510408,0,0,-2.2952384730933
411,3.2952384730933,1,14.88567333138,0.3,0.49016826155462,0.67108886379016,-14.89145949765,0.33576292510408,0,0,-2.2952384730933
412,3.2952384730933,1,14.88567333138,0.3,0.49016826155462,0.67108886379016,-14.89145949765,0.33576292510408,0,0,-2.2952384730933
413,3.2952384730933,1,14.88567333138,0.3,0.49016826155462,0.67108886379016,-14.89145949765,0.33576292510408,0,0,-2.2952384730933
414,3.2952384730933,1,14.88567333138,0.3,0.49016826155462,0.67108886379016,-14.89145949765,0.33576292510408,0,0,-2.2952384730933
415,3.2952384730933,1,14.88567333138,0.3,0.49016826155462,0.67108886379016,-14.89145949765,0.33576292510408,0,0,-2.2952384730933
416,3.2952384730933,1,14.88567333138,0.3,0.49016826155462,0.67108886379016,-14.89145949765,0.33576292510408,0,0,-2.2952384730933
417,3.2952384730933,1,14.88567333138,0.3,0.49016826155462,0.67108886379016,-14.89145949765,0.33576292510408,0,0,-2.2952384730933
418,3.2952384730933,1,14.88567333138,0.3,0.49016826155462,0.67108886379016,-14.89145949765,0.33576292510408,0,0,-2.2952384730933
419,3.2952384730933,1,14.88567333138,0.3,0.49016826155462,0.67108886379016,-14.89145949765,0.33576292510408,0,0,-2.2952384730933
420,3.2952384730933,1,14.88567333138,0.3,0.49016826155462,0.67108886379016,-14.89145949765,0.33576292510408,0,0,-2.2952384730933
421,3.2952384730933,1,14.88567333138,0.3,0.49016826155462,0.67108886379016,-14.89145949765,0.33576292510408,0,0,-2.2952384730933
422,3.2952384730933,1,14.88567333138,0.3,0.49016826155462,0.67108886379016,-14.89145949765,0.33576292510408,0,0,-2.2952384730933
423,3.2952384730933,1,14.88567333138,0.3,0.49016826155462,0.67108886379016,-14.89145949765,0.33576292510408,0,0,-2.2952384730933
424,3.2952384730933,1,14.88567333138,0.3,0.49016826155462,0.67108886379016,-14.89145949765,0.33576292510408,0,0,-2.2952384730933
425,3.2952384730933,1,14.88567333138,0.3,0.49016826155462,0.67108886379016,-14.89145949765,0.33576292510408,0,0,-2.2952384730933
426,3.2952384730933,1,14.88567333138,0.3,0.49016826155462,0.67108886379016,-14.89145949765,0.33576292510408,0,0,-2.2952384730933
427,3.2952384730933,1,14.88567333138,0.3,0.49016826155462,0.67108886379016,-14.89145949765,0.33576292510408,0,0,-2.2952384730933
428,3.2952384730933,1,14.88567333138,0.3,0.49016826155462,0.67108886379016,-14.89145949765,0.33576292510408,0,0,-2.2952384730933
429,3.2952384730933,1,14.88567333138,0.3,0.49016826155462,0.67108886379016,-14.89145949765,0.33576292510408,0,0,-2.2952384730933
430,3.2952384730933,1,14.88567333138,0.3,0.49016826155462,0.67108886379016,-14.89145949765,0.33576292510408,0,0,-2.2952384730933
431,3.2952384730933,1,14.88567333138,0.3,0.49016826155462,0.67108886379016,-14.89145949765,0.33576292510408,0,0,-2.2952384730933
432,3.2952384730933,1,14.88567333138,0.3,0.49016826155462,0.67108886379016,-14.89145949765,0.33576292510408,0,0,-2.2952384730933
433,3.2952384730933,1,14.88567333138,0.3,0.49016826155462,0.67108886379016,-14.89145949765,0.33576292510408,0,0,-2.2952384730933
434,3.2952384730933,1,14.88567333138,0.3,0.49016826155462,0.67108886379016,-14.89145949765,0.33576292510408,0,0,-2.2952384730933
435,3.2952384730933,1,14.88567333138,0.3,0.49016826155462,0.67108886379016,-14.89145949765,0.33576292510408,0,0,-2.2952384730933
436,3.2952384730933,1,14.88567333138,0.3,0.49016826155462,0.67108886379016,-14.89145949765,0.33576292510408,0,0,-2.2952384730933
437,3.2952384730933,1,14.88567333138,0.3,0.49016826155462,0.67108886379016,-14.89145949765,0.33576292510408,0,0,-2.2952384730933
438,3.2952384730933,1,14.88567333138,0.3,0.49016826155462,0.67108886379016,-14.89145949765,0.33576292510408,0,0,-2.2952384730933
439,3.2952384730933,1,14.88567333138,0.3,0.49016826155462,0.67108886379016,-14.89145949765,0.33576292510408,0,0,-2.2952384730933
440,3.2952384730933,1,14.88567333138,0.3,0.49016826155462,0.67108886379016,-14.89145949765,0.33576292510408,0,0,-2.2952384730933
441,3.2952384730933,1,14.88567333138,0.3,0.49016826155462,0.67108886379016,-14.89145949765,0.33576292510408,0,0,-2.2952384730933
442,3.2952384730933,1,14.88567333138,0.3,0.49016826155462,0.67108886379016,-14.89145949765,0.33576292510408,0,0,-2.2952384730933
443,3.2952384730933,1,14.88567333138,0.3,0.49016826155462,0.67108886379016,-14.89145949765,0.33576292510408,0,0,-2.2952384730933
444,3.2952384730933,1,14.88567333138,0.3,0.49016826155462,0.67108886379016,-14.89145949765,0.33576292510408,0,0,-2.2952384730933
445,3.2952384730933,1,14.88567333138,0.3,0.49016826155462,0.67108886379016,-14.89145949765,0.33576292510408,0,0,-2.2952384730933
446,3.2952384730933,1,14.88567333138,0.3,0.49016826155462,0.67108886379016,-14.89145949765,0.33576292510408,0,0,-2.2952384730933
447,3.2952384730933,1,14.88567333138,0.3,0.49016826155462,0.67108886379016,-14.89145949765,0.33576292510408,0,0,-2.2952384730933
448,3.2952384730933,1,14.88567333138,0.3,0.49016826155462,0.67108886379016,-14.89145949765,0.33576292510408,0,0,-2.2952384730933
449,3.2952384730933,1,14.88567333138,0.3,0.49016826155462,0.67108886379016,-14.89145949765,0.33576292510408,0,0,-2.2952384730933
450,3.2952384730933,1,14.88567333138,0.3,0.49016826155462,0.67108886379016,-14.89145949765,0.33576292510408,0,0,-2.2952384730933
451,3.2952384730933,1,14.88567333138,0.3,0.49016826155462,0.67108886379016,-14.89145949765,0.33576292510408,0,0,-2.2952384730933
452,3.2952384730933,1,14.88567333138,0.3,0.49016826155462,0.67108886379016,-14.89145949765,0.33576292510408,0,0,-2.2952384730933
453,3.2952384730933,1,14.88567333138,0.3,0.49016826155462,0.67108886379016,-14.89145949765,0.33576292510408,0,0,-2.2952384730933
454,3.2952384730933,1,14.88567333138,0.3,0.49016826155462,0.67108886379016,-14.89145949765,0.33576292510408,0,0,-2.2952384730933
455,3.2952384730933,1,14.88567333138,0.3,0.49016826155462,0.67108886379016,-14.89145949765,0.33576292510408,0,0,-2.2952384730933
456,3.2952384730933,1,14.88567333138,0.3,0.49016826155462,0.67108886379016,-14.89145949765,0.33576292510408,0,0,-2.2952384730933
457,3.2952384730933,1,14.88567333138,0.3,0.49016826155462,0.67108886379016,-14.89145949765,0.33576292510408,0,0,-2.2952384730933
458,3.2952384730933,1,14.88567333138,0.3,0.49016826155462,0.67108886379016,-14.89145949765,0.33576292510408,0,0,-2.2952384730933
459,3.2952384730933,1,14.88567333138,0.3,0.49016826155462,0.67108886379016,-14.89145949765,0.33576292510408,0,0,-2.2952384730933
460,3.2952384730933,1,14.88567333138,0.3,0.49016826155462,0.67108886379016,-14.89145949765,0.33576292510408,0,0,-2.2952384730933
461,3.2952384730933,1,14.88567333138,0.3,0.49016826155462,0.67108886379016,-14.89145949765,0.33576292510408,0,0,-2.2952384730933
462,3.2952384730933,1,14.88567333138,0.3,0.49016826155462,0.67108886379016,-14.89145949765,0.33576292510408,0,0,-2.2952384730933
463,3.2952384730933,1,14.88567333138,0.3,0.49016826155462,0.67108886379016,-14.89145949765,0.33576292510408,0,0,-2.2952384730933
464,3.2952384730933,1,14.88567333138,0.3,0.49016826155462,0.67108886379016,-14.89145949765,0.33576292510408,0,0,-2.2952384730933
465,3.2952384730933,1,14.88567333138,0.3,0.49016826155462,0.67108886379016,-14.89145949765,0.33576292510408,0,0,-2.2952384730933
466,3.2952384730933,1,14.88567333138,0.3,0.49016826155462,0.67108886379016,-14.89145949765,0.33576292510408,0,0,-2.2952384730933
467,3.2952384730933,1,14.88567333138,0.3,0.49016826155462,0.67108886379016,-14.89145949765,0.33576292510408,0,0,-2.2952384730933
468,3.2952384730933,1,14.88567333138,0.3,0.49016826155462,0.67108886379016,-14.89145949765,0.33576292510408,0,0,-2.2952384730933
469,3.2952384730933,1,14.88567333138,0.3,0.49016826155462,0.67108886379016,-14.89145949765,0.33576292510408,0,0,-2.2952384730933
470,3.2952384730933,1,14.88567333138,0.3,0.49016826155462,0.67108886379016,-14.89145949765,0.33576292510408,0,0,-2.2952384730933
471,3.2952384730933,1,14.88567333138,0.3,0.49016826155462,0.67108886379016,-14.89145949765,0.33576292510408,0,0,-2.2952384730933
472,3.2952384730933,1,14.88567333138,0.3,0.49016826155462,0.67108886379016,-14.89145949765,0.33576292510408,0,0,-2.2952384730933
473,3.2952384730933,1,14.88567333138,0.3,0.49016826155462,0.67108886379016,-14.89145949765,0.33576292510408,0,0,-2.2952384730933
474,3.2952384730933,1,14.88567333138,0.3,0.49016826155462,0.67108886379016,-14.89145949765,0.33576292510408,0,0,-2.2952384730933
475,3.2952384730933,1,14.88567333138,0.3,0.49016826155462,0.67108886379016,-14.89145949765,0.33576292510408,0,0,-2.2952384730933
476,3.2952384730933,1,14.88567333138,0.3,0.49016826155462,0.67108886379016,-14.89145949765,0.33576292510408,0,0,-2.2952384730933
477,3.2952384730933,1,14.88567333138,0.3,0.49016826155462,0.67108886379016,-14.89145949765,0.33576292510408,0,0,-2.2952384730933
478,3.2952384730933,1,14.88567333138,0.3,0.49016826155462,0.67108886379016,-14.89145949765,0.33576292510408,0,0,-2.2952384730933
479,3.2952384730933,1,14.88567333138,0.3,0.49016826155462,0.67108886379016,-14.89145949765,0.33576292510408,0,0,-2.2952384730933
480,3.2952384730933,1,14.88567333138,0.3,0.49016826155462,0.67108886379016,-14.89145949765,0.33576292510408,0,0,-2.2952384730933
481,3.2952384730933,1,14.88567333138,0.3,0.49016826155462,0.67108886379016,-14.89145949765,0.33576292510408,0,0,-2.2952384730933
482,3.2952384730933,1,14.88567333138,0.3,0.49016826155462,0.67108886379016,-14.89145949765,0.33576292510408,0,0,-2.2952384730933

